{"textures":{"0":"modelengine:entity/kindletronjr"},"elements":[{"from":[6.75,10.1,5.8],"to":[7.75,10.6,6.8],"faces":{"east":{"uv":[0.0,0.0,1.0,0.5],"tintindex":0,"rotation":0,"texture":"#0"},"south":{"uv":[0.0,0.0,1.0,0.5],"tintindex":0,"rotation":0,"texture":"#0"},"north":{"uv":[6.0,11.0,10.0,13.5],"tintindex":0,"rotation":0,"texture":"#0"},"west":{"uv":[0.0,0.0,1.0,0.5],"tintindex":0,"rotation":0,"texture":"#0"},"up":{"uv":[0.0,0.0,1.0,1.0],"tintindex":0,"rotation":0,"texture":"#0"},"down":{"uv":[0.0,0.0,1.0,1.0],"tintindex":0,"rotation":0,"texture":"#0"}}},{"from":[8.15,10.1,5.8],"to":[9.15,10.6,6.8],"faces":{"east":{"uv":[0.0,0.0,1.0,0.5],"tintindex":0,"rotation":0,"texture":"#0"},"south":{"uv":[0.0,0.0,1.0,0.5],"tintindex":0,"rotation":0,"texture":"#0"},"north":{"uv":[6.0,11.0,10.0,13.5],"tintindex":0,"rotation":0,"texture":"#0"},"west":{"uv":[0.0,0.0,1.0,0.5],"tintindex":0,"rotation":0,"texture":"#0"},"up":{"uv":[0.0,0.0,1.0,1.0],"tintindex":0,"rotation":0,"texture":"#0"},"down":{"uv":[0.0,0.0,1.0,1.0],"tintindex":0,"rotation":0,"texture":"#0"}}},{"from":[6.2,8.0,6.0],"to":[9.7,11.700001,10.0],"faces":{"east":{"uv":[13.0,2.0,16.0,12.0],"tintindex":0,"rotation":0,"texture":"#0"},"south":{"uv":[13.0,2.0,16.0,12.0],"tintindex":0,"rotation":0,"texture":"#0"},"north":{"uv":[4.0,2.0,12.0,12.0],"tintindex":0,"rotation":0,"texture":"#0"},"west":{"uv":[13.0,2.0,16.0,12.0],"tintindex":0,"rotation":0,"texture":"#0"},"up":{"uv":[13.0,2.0,16.0,8.0],"tintindex":0,"rotation":0,"texture":"#0"},"down":{"uv":[12.0,6.0,4.0,11.0],"tintindex":0,"rotation":0,"texture":"#0"}}}],"display":{"gui":{"rotation":[30,225,0]}}}