{"textures":{"0":"modelengine:entity/kindletronjr"},"elements":[{"from":[6.2,5.0999994,7.3],"to":[8.4,9.2,8.7],"faces":{"east":{"uv":[0.0,1.0,1.0,5.0],"tintindex":0,"rotation":0,"texture":"#0"},"south":{"uv":[13.0,1.0,16.0,15.0],"tintindex":0,"rotation":0,"texture":"#0"},"north":{"uv":[9.0,2.0,15.0,16.0],"tintindex":0,"rotation":0,"texture":"#0"},"west":{"uv":[13.0,1.0,16.0,15.0],"tintindex":0,"rotation":0,"texture":"#0"},"up":{"uv":[13.0,9.0,16.0,15.0],"tintindex":0,"rotation":0,"texture":"#0"},"down":{"uv":[5.0,0.0,3.0,1.0],"tintindex":0,"rotation":0,"texture":"#0"}}},{"from":[5.6,1.2999997,6.8],"to":[7.8,3.2999997,9.2],"faces":{"east":{"uv":[9.0,0.0,15.0,6.0],"tintindex":0,"rotation":0,"texture":"#0"},"south":{"uv":[9.0,0.0,15.0,6.0],"tintindex":0,"rotation":0,"texture":"#0"},"north":{"uv":[9.0,0.0,15.0,6.0],"tintindex":0,"rotation":0,"texture":"#0"},"west":{"uv":[9.0,0.0,15.0,6.0],"tintindex":0,"rotation":0,"texture":"#0"},"up":{"uv":[9.0,0.0,15.0,6.0],"tintindex":0,"rotation":0,"texture":"#0"},"down":{"uv":[9.0,0.0,15.0,6.0],"tintindex":0,"rotation":0,"texture":"#0"}}},{"from":[5.7999997,2.7999997,7.0],"to":[7.6,6.8,9.0],"faces":{"east":{"uv":[13.0,1.0,16.0,15.0],"tintindex":0,"rotation":0,"texture":"#0"},"south":{"uv":[13.0,1.0,16.0,15.0],"tintindex":0,"rotation":0,"texture":"#0"},"north":{"uv":[1.0,2.0,7.0,16.0],"tintindex":0,"rotation":0,"texture":"#0"},"west":{"uv":[9.0,2.0,15.0,16.0],"tintindex":0,"rotation":0,"texture":"#0"},"up":{"uv":[3.0,2.0,2.0,0.0],"tintindex":0,"rotation":0,"texture":"#0"},"down":{"uv":[4.0,0.0,3.0,2.0],"tintindex":0,"rotation":0,"texture":"#0"}}}],"display":{"gui":{"rotation":[30,225,0]}}}