{"textures":{"0":"modelengine:entity/kindletronjr"},"elements":[{"from":[7.064,3.211,6.6619997],"to":[9.048,4.303,9.25],"faces":{"east":{"uv":[0.0,0.0,4.6,1.4],"tintindex":0,"rotation":0,"texture":"#0"},"south":{"uv":[0.0,0.0,2.8,1.4],"tintindex":0,"rotation":0,"texture":"#0"},"north":{"uv":[0.0,0.0,2.8,1.4],"tintindex":0,"rotation":0,"texture":"#0"},"west":{"uv":[0.0,0.0,4.6,1.4],"tintindex":0,"rotation":0,"texture":"#0"},"up":{"uv":[0.0,0.0,2.8,4.6],"tintindex":0,"rotation":0,"texture":"#0"},"down":{"uv":[0.0,0.0,2.8,4.6],"tintindex":0,"rotation":0,"texture":"#0"}}},{"from":[6.752,2.244,6.35],"to":[9.36,3.336,9.562],"faces":{"east":{"uv":[0.0,0.0,5.4,1.4],"tintindex":0,"rotation":0,"texture":"#0"},"south":{"uv":[0.0,0.0,3.6,1.4],"tintindex":0,"rotation":0,"texture":"#0"},"north":{"uv":[5.0,8.0,11.6,11.0],"tintindex":0,"rotation":0,"texture":"#0"},"west":{"uv":[9.0,8.0,15.6,11.0],"tintindex":0,"rotation":0,"texture":"#0"},"up":{"uv":[0.0,0.0,3.6,5.4],"tintindex":0,"rotation":0,"texture":"#0"},"down":{"uv":[0.0,0.0,3.6,5.4],"tintindex":0,"rotation":0,"texture":"#0"}}},{"from":[7.064,6.916,6.6619997],"to":[9.048,8.007999,9.25],"faces":{"east":{"uv":[0.0,0.0,4.6,1.4],"tintindex":0,"rotation":0,"texture":"#0"},"south":{"uv":[0.0,0.0,2.8,1.4],"tintindex":0,"rotation":0,"texture":"#0"},"north":{"uv":[0.0,0.0,2.8,1.4],"tintindex":0,"rotation":0,"texture":"#0"},"west":{"uv":[0.0,0.0,4.6,1.4],"tintindex":0,"rotation":0,"texture":"#0"},"up":{"uv":[0.0,0.0,2.8,4.6],"tintindex":0,"rotation":0,"texture":"#0"},"down":{"uv":[0.0,0.0,2.8,4.6],"tintindex":0,"rotation":0,"texture":"#0"}}},{"from":[6.908,4.108,6.506],"to":[9.204,5.2,9.406],"faces":{"east":{"uv":[0.0,0.0,5.0,1.4],"tintindex":0,"rotation":0,"texture":"#0"},"south":{"uv":[0.0,0.0,3.2,1.4],"tintindex":0,"rotation":0,"texture":"#0"},"north":{"uv":[0.0,0.0,3.2,1.4],"tintindex":0,"rotation":0,"texture":"#0"},"west":{"uv":[0.0,0.0,5.0,1.4],"tintindex":0,"rotation":0,"texture":"#0"},"up":{"uv":[0.0,0.0,3.2,5.0],"tintindex":0,"rotation":0,"texture":"#0"},"down":{"uv":[0.0,0.0,3.2,5.0],"tintindex":0,"rotation":0,"texture":"#0"}}},{"from":[6.908,7.658,6.506],"to":[9.204,8.75,9.406],"faces":{"east":{"uv":[0.0,0.0,5.0,1.4],"tintindex":0,"rotation":0,"texture":"#0"},"south":{"uv":[0.0,0.0,3.2,1.4],"tintindex":0,"rotation":0,"texture":"#0"},"north":{"uv":[0.0,0.0,3.2,1.4],"tintindex":0,"rotation":0,"texture":"#0"},"west":{"uv":[0.0,0.0,5.0,1.4],"tintindex":0,"rotation":0,"texture":"#0"},"up":{"uv":[0.0,0.0,3.2,5.0],"tintindex":0,"rotation":0,"texture":"#0"},"down":{"uv":[0.0,0.0,3.2,5.0],"tintindex":0,"rotation":0,"texture":"#0"}}},{"from":[6.908,6.058,6.506],"to":[9.204,7.15,9.406],"faces":{"east":{"uv":[0.0,0.0,5.0,1.4],"tintindex":0,"rotation":0,"texture":"#0"},"south":{"uv":[0.0,0.0,3.2,1.4],"tintindex":0,"rotation":0,"texture":"#0"},"north":{"uv":[0.0,0.0,3.2,1.4],"tintindex":0,"rotation":0,"texture":"#0"},"west":{"uv":[0.0,0.0,5.0,1.4],"tintindex":0,"rotation":0,"texture":"#0"},"up":{"uv":[0.0,0.0,3.2,5.0],"tintindex":0,"rotation":0,"texture":"#0"},"down":{"uv":[0.0,0.0,3.2,5.0],"tintindex":0,"rotation":0,"texture":"#0"}}},{"from":[6.752,5.0439997,6.35],"to":[9.36,6.1359997,9.562],"faces":{"east":{"uv":[6.0,9.0,9.6,10.4],"tintindex":0,"rotation":0,"texture":"#0"},"south":{"uv":[6.0,9.0,9.6,10.4],"tintindex":0,"rotation":0,"texture":"#0"},"north":{"uv":[6.0,9.0,9.6,10.4],"tintindex":0,"rotation":0,"texture":"#0"},"west":{"uv":[6.0,9.0,9.6,10.4],"tintindex":0,"rotation":0,"texture":"#0"},"up":{"uv":[0.0,0.0,3.6,5.4],"tintindex":0,"rotation":0,"texture":"#0"},"down":{"uv":[0.0,0.0,3.6,5.4],"tintindex":0,"rotation":0,"texture":"#0"}}}],"display":{"gui":{"rotation":[30,225,0]}}}