{"textures":{"0":"modelengine:entity/kindletronjr"},"elements":[{"from":[5.25,3.4071426,6.2642856],"to":[10.75,9.107142,9.764286],"faces":{"east":{"uv":[0.0,5.0,3.0,10.0],"tintindex":0,"rotation":0,"texture":"#0"},"south":{"uv":[2.0,2.0,14.0,14.0],"tintindex":0,"rotation":0,"texture":"#0"},"north":{"uv":[4.0,2.0,12.0,12.0],"tintindex":0,"rotation":0,"texture":"#0"},"west":{"uv":[8.0,5.0,11.0,10.0],"tintindex":0,"rotation":0,"texture":"#0"},"up":{"uv":[8.0,5.0,3.0,2.0],"tintindex":0,"rotation":0,"texture":"#0"},"down":{"uv":[13.0,2.0,8.0,5.0],"tintindex":0,"rotation":0,"texture":"#0"}}},{"from":[5.45,6.3071423,7.0642858],"to":[10.55,12.007143,10.264286],"faces":{"east":{"uv":[0.0,5.0,3.0,10.0],"tintindex":0,"rotation":0,"texture":"#0"},"south":{"uv":[2.0,2.0,14.0,10.0],"tintindex":0,"rotation":0,"texture":"#0"},"north":{"uv":[4.0,2.0,12.0,12.0],"tintindex":0,"rotation":0,"texture":"#0"},"west":{"uv":[8.0,5.0,11.0,10.0],"tintindex":0,"rotation":0,"texture":"#0"},"up":{"uv":[8.0,5.0,3.0,2.0],"tintindex":0,"rotation":0,"texture":"#0"},"down":{"uv":[13.0,2.0,8.0,5.0],"tintindex":0,"rotation":0,"texture":"#0"}}}],"display":{"gui":{"rotation":[30,225,0]}}}