{"textures":{"0":"modelengine:entity/asterix","1":"modelengine:entity/vs_vikingshield6"},"elements":[{"from":[16.052979,20.8,-4.1066475],"to":[19.25298,21.6,-0.90664864],"faces":{"east":{"uv":[10.5,7.0,11.5,7.25],"tintindex":0,"rotation":0,"texture":"#1"},"south":{"uv":[10.5,7.25,11.5,7.5],"tintindex":0,"rotation":0,"texture":"#1"},"north":{"uv":[6.5,10.5,7.5,10.75],"tintindex":0,"rotation":0,"texture":"#1"},"west":{"uv":[9.5,10.5,10.5,10.75],"tintindex":0,"rotation":0,"texture":"#1"},"up":{"uv":[7.0,3.25,6.0,2.25],"tintindex":0,"rotation":0,"texture":"#1"},"down":{"uv":[7.0,3.25,6.0,4.25],"tintindex":0,"rotation":0,"texture":"#1"}}},{"from":[10.292978,20.0,-9.534775],"to":[11.892979,20.8,3.8933525],"faces":{"east":{"uv":[6.0,1.75,10.25,2.0],"tintindex":0,"rotation":0,"texture":"#1"},"south":{"uv":[11.25,3.75,11.75,4.0],"tintindex":0,"rotation":0,"texture":"#1"},"north":{"uv":[11.25,3.5,11.75,3.75],"tintindex":0,"rotation":0,"texture":"#1"},"west":{"uv":[6.0,2.0,10.25,2.25],"tintindex":0,"rotation":0,"texture":"#1"},"up":{"uv":[1.0,9.75,0.5,5.5],"tintindex":0,"rotation":0,"texture":"#1"},"down":{"uv":[1.0,5.5,0.5,9.75],"tintindex":0,"rotation":0,"texture":"#1"}}},{"from":[22.692978,20.0,-9.70665],"to":[24.292978,20.8,4.6933517],"faces":{"east":{"uv":[6.0,1.25,10.25,1.5],"tintindex":0,"rotation":0,"texture":"#1"},"south":{"uv":[11.25,3.25,11.75,3.5],"tintindex":0,"rotation":0,"texture":"#1"},"north":{"uv":[3.0,11.25,3.5,11.5],"tintindex":0,"rotation":0,"texture":"#1"},"west":{"uv":[6.0,1.5,10.25,1.75],"tintindex":0,"rotation":0,"texture":"#1"},"up":{"uv":[14.25,5.5,13.75,1.0],"tintindex":0,"rotation":0,"texture":"#1"},"down":{"uv":[14.25,1.0,13.75,5.5],"tintindex":0,"rotation":0,"texture":"#1"}}},{"from":[15.51476,19.6008,6.0620656],"to":[19.51316,21.1992,7.660465],"faces":{"east":{"uv":[3.0,10.75,3.5,11.25],"tintindex":0,"rotation":0,"texture":"#1"},"south":{"uv":[8.75,4.75,10.0,5.25],"tintindex":0,"rotation":0,"texture":"#1"},"north":{"uv":[8.75,4.25,10.0,4.75],"tintindex":0,"rotation":0,"texture":"#1"},"west":{"uv":[10.75,3.25,11.25,3.75],"tintindex":0,"rotation":0,"texture":"#1"},"up":{"uv":[10.0,5.75,8.75,5.25],"tintindex":0,"rotation":0,"texture":"#1"},"down":{"uv":[9.75,8.75,8.5,9.25],"tintindex":0,"rotation":0,"texture":"#1"}},"rotation":{"origin":[17.191496,20.0,-2.2598457],"angle":22.5,"axis":"y"}},{"from":[15.540528,19.6,6.1948338],"to":[19.540527,21.2,7.794834],"faces":{"east":{"uv":[10.75,3.75,11.25,4.25],"tintindex":0,"rotation":0,"texture":"#1"},"south":{"uv":[6.5,9.0,7.75,9.5],"tintindex":0,"rotation":0,"texture":"#1"},"north":{"uv":[9.0,6.0,10.25,6.5],"tintindex":0,"rotation":0,"texture":"#1"},"west":{"uv":[6.5,10.75,7.0,11.25],"tintindex":0,"rotation":0,"texture":"#1"},"up":{"uv":[10.25,7.0,9.0,6.5],"tintindex":0,"rotation":0,"texture":"#1"},"down":{"uv":[2.75,9.25,1.5,9.75],"tintindex":0,"rotation":0,"texture":"#1"}},"rotation":{"origin":[17.191496,20.0,-2.2598457],"angle":45.0,"axis":"y"}},{"from":[15.325866,19.6008,5.8731694],"to":[19.324265,21.1992,7.4715705],"faces":{"east":{"uv":[7.0,10.75,7.5,11.25],"tintindex":0,"rotation":0,"texture":"#1"},"south":{"uv":[9.25,7.0,10.5,7.5],"tintindex":0,"rotation":0,"texture":"#1"},"north":{"uv":[2.75,9.25,4.0,9.75],"tintindex":0,"rotation":0,"texture":"#1"},"west":{"uv":[7.5,10.75,8.0,11.25],"tintindex":0,"rotation":0,"texture":"#1"},"up":{"uv":[9.0,9.75,7.75,9.25],"tintindex":0,"rotation":0,"texture":"#1"},"down":{"uv":[10.25,9.25,9.0,9.75],"tintindex":0,"rotation":0,"texture":"#1"}},"rotation":{"origin":[17.191496,20.0,-2.2598457],"angle":-22.5,"axis":"y"}},{"from":[7.271186,19.6008,-4.581508],"to":[8.869586,21.1992,-0.58310944],"faces":{"east":{"uv":[1.25,9.75,2.5,10.25],"tintindex":0,"rotation":0,"texture":"#1"},"south":{"uv":[10.75,9.75,11.25,10.25],"tintindex":0,"rotation":0,"texture":"#1"},"north":{"uv":[9.5,10.75,10.0,11.25],"tintindex":0,"rotation":0,"texture":"#1"},"west":{"uv":[2.5,9.75,3.75,10.25],"tintindex":0,"rotation":0,"texture":"#1"},"up":{"uv":[6.0,11.0,5.5,9.75],"tintindex":0,"rotation":0,"texture":"#1"},"down":{"uv":[6.5,9.75,6.0,11.0],"tintindex":0,"rotation":0,"texture":"#1"}},"rotation":{"origin":[17.191496,20.0,-2.2598457],"angle":-22.5,"axis":"y"}},{"from":[11.892979,20.0,-10.506649],"to":[14.292978,20.8,5.493353],"faces":{"east":{"uv":[6.0,0.75,11.0,1.0],"tintindex":0,"rotation":0,"texture":"#1"},"south":{"uv":[2.25,11.25,3.0,11.5],"tintindex":0,"rotation":0,"texture":"#1"},"north":{"uv":[1.5,11.25,2.25,11.5],"tintindex":0,"rotation":0,"texture":"#1"},"west":{"uv":[6.0,1.0,11.0,1.25],"tintindex":0,"rotation":0,"texture":"#1"},"up":{"uv":[4.75,10.0,4.0,5.0],"tintindex":0,"rotation":0,"texture":"#1"},"down":{"uv":[4.75,5.0,4.0,10.0],"tintindex":0,"rotation":0,"texture":"#1"}}},{"from":[15.438299,19.6,5.9480305],"to":[19.4383,21.2,7.548031],"faces":{"east":{"uv":[2.0,10.75,2.5,11.25],"tintindex":0,"rotation":0,"texture":"#1"},"south":{"uv":[8.5,7.75,9.75,8.25],"tintindex":0,"rotation":0,"texture":"#1"},"north":{"uv":[6.5,8.5,7.75,9.0],"tintindex":0,"rotation":0,"texture":"#1"},"west":{"uv":[2.5,10.75,3.0,11.25],"tintindex":0,"rotation":0,"texture":"#1"},"up":{"uv":[9.75,8.75,8.5,8.25],"tintindex":0,"rotation":0,"texture":"#1"},"down":{"uv":[2.75,8.75,1.5,9.25],"tintindex":0,"rotation":0,"texture":"#1"}}},{"from":[15.191496,19.6,5.8458023],"to":[19.191496,21.2,7.4458027],"faces":{"east":{"uv":[8.0,10.75,8.5,11.25],"tintindex":0,"rotation":0,"texture":"#1"},"south":{"uv":[9.5,3.75,10.75,4.25],"tintindex":0,"rotation":0,"texture":"#1"},"north":{"uv":[9.5,3.25,10.75,3.75],"tintindex":0,"rotation":0,"texture":"#1"},"west":{"uv":[8.5,10.75,9.0,11.25],"tintindex":0,"rotation":0,"texture":"#1"},"up":{"uv":[7.75,10.0,6.5,9.5],"tintindex":0,"rotation":0,"texture":"#1"},"down":{"uv":[1.25,9.75,0.0,10.25],"tintindex":0,"rotation":0,"texture":"#1"}},"rotation":{"origin":[17.191496,20.0,-2.2598457],"angle":-45.0,"axis":"y"}},{"from":[21.982346,19.6,-9.850693],"to":[25.982346,21.2,-8.250694],"faces":{"east":{"uv":[5.0,11.0,5.5,11.5],"tintindex":0,"rotation":0,"texture":"#1"},"south":{"uv":[10.25,1.75,11.5,2.25],"tintindex":0,"rotation":0,"texture":"#1"},"north":{"uv":[10.25,1.25,11.5,1.75],"tintindex":0,"rotation":0,"texture":"#1"},"west":{"uv":[5.5,11.0,6.0,11.5],"tintindex":0,"rotation":0,"texture":"#1"},"up":{"uv":[11.5,2.75,10.25,2.25],"tintindex":0,"rotation":0,"texture":"#1"},"down":{"uv":[3.75,10.25,2.5,10.75],"tintindex":0,"rotation":0,"texture":"#1"}},"rotation":{"origin":[23.982346,20.0,-9.0506935],"angle":-45.0,"axis":"y"}},{"from":[19.132256,19.604963,-3.7058482],"to":[22.730656,20.403364,-1.307448],"faces":{"east":{"uv":[11.0,10.5,11.75,10.75],"tintindex":0,"rotation":0,"texture":"#1"},"south":{"uv":[10.25,9.25,11.5,9.5],"tintindex":0,"rotation":0,"texture":"#1"},"north":{"uv":[10.25,9.0,11.5,9.25],"tintindex":0,"rotation":0,"texture":"#1"},"west":{"uv":[11.0,10.75,11.75,11.0],"tintindex":0,"rotation":0,"texture":"#1"},"up":{"uv":[6.75,6.75,5.5,6.0],"tintindex":0,"rotation":0,"texture":"#1"},"down":{"uv":[6.75,6.75,5.5,7.5],"tintindex":0,"rotation":0,"texture":"#1"}},"rotation":{"origin":[22.131456,20.004164,-2.506647],"angle":45.0,"axis":"z"}},{"from":[24.292978,20.0,-8.1066475],"to":[25.892979,20.8,3.0933514],"faces":{"east":{"uv":[7.0,2.25,10.25,2.5],"tintindex":0,"rotation":0,"texture":"#1"},"south":{"uv":[9.0,11.0,9.5,11.25],"tintindex":0,"rotation":0,"texture":"#1"},"north":{"uv":[9.25,7.5,9.75,7.75],"tintindex":0,"rotation":0,"texture":"#1"},"west":{"uv":[7.0,2.5,10.25,2.75],"tintindex":0,"rotation":0,"texture":"#1"},"up":{"uv":[13.75,4.25,13.25,0.75],"tintindex":0,"rotation":0,"texture":"#1"},"down":{"uv":[13.25,0.75,13.75,4.25],"tintindex":0,"rotation":0,"texture":"#1"}}},{"from":[25.892979,19.6,-4.506647],"to":[27.492977,21.2,-0.5066471],"faces":{"east":{"uv":[7.5,5.25,8.75,5.75],"tintindex":0,"rotation":0,"texture":"#1"},"south":{"uv":[4.25,10.5,4.75,11.0],"tintindex":0,"rotation":0,"texture":"#1"},"north":{"uv":[3.75,10.5,4.25,11.0],"tintindex":0,"rotation":0,"texture":"#1"},"west":{"uv":[5.5,7.5,6.75,8.0],"tintindex":0,"rotation":0,"texture":"#1"},"up":{"uv":[4.0,6.75,3.5,5.5],"tintindex":0,"rotation":0,"texture":"#1"},"down":{"uv":[4.0,6.75,3.5,8.0],"tintindex":0,"rotation":0,"texture":"#1"}}},{"from":[7.3836203,19.6,-4.506647],"to":[8.98362,21.2,-0.5066471],"faces":{"east":{"uv":[6.75,7.5,8.0,8.0],"tintindex":0,"rotation":0,"texture":"#1"},"south":{"uv":[10.5,10.5,11.0,11.0],"tintindex":0,"rotation":0,"texture":"#1"},"north":{"uv":[4.75,10.5,5.25,11.0],"tintindex":0,"rotation":0,"texture":"#1"},"west":{"uv":[5.5,8.0,6.75,8.5],"tintindex":0,"rotation":0,"texture":"#1"},"up":{"uv":[4.0,9.25,3.5,8.0],"tintindex":0,"rotation":0,"texture":"#1"},"down":{"uv":[8.5,6.0,8.0,7.25],"tintindex":0,"rotation":0,"texture":"#1"}}},{"from":[14.292978,20.0,-11.306648],"to":[20.292978,20.8,6.293352],"faces":{"east":{"uv":[5.5,5.75,11.0,6.0],"tintindex":0,"rotation":0,"texture":"#1"},"south":{"uv":[10.25,8.25,12.25,8.5],"tintindex":0,"rotation":0,"texture":"#1"},"north":{"uv":[10.25,8.0,12.25,8.25],"tintindex":0,"rotation":0,"texture":"#1"},"west":{"uv":[6.0,0.0,11.5,0.25],"tintindex":0,"rotation":0,"texture":"#1"},"up":{"uv":[2.0,5.5,0.0,0.0],"tintindex":0,"rotation":0,"texture":"#1"},"down":{"uv":[2.0,0.0,0.0,5.5],"tintindex":0,"rotation":0,"texture":"#1"}}},{"from":[14.292978,17.6,-3.7066479],"to":[20.292978,18.4,-1.3066483],"faces":{"east":{"uv":[11.0,5.75,11.75,6.0],"tintindex":0,"rotation":0,"texture":"#1"},"south":{"uv":[10.25,8.75,12.25,9.0],"tintindex":0,"rotation":0,"texture":"#1"},"north":{"uv":[10.25,8.5,12.25,8.75],"tintindex":0,"rotation":0,"texture":"#1"},"west":{"uv":[10.5,11.0,11.25,11.25],"tintindex":0,"rotation":0,"texture":"#1"},"up":{"uv":[7.5,5.0,5.5,4.25],"tintindex":0,"rotation":0,"texture":"#1"},"down":{"uv":[7.5,5.0,5.5,5.75],"tintindex":0,"rotation":0,"texture":"#1"}}},{"from":[8.942978,20.0,-8.1066475],"to":[10.292978,20.8,2.2933521],"faces":{"east":{"uv":[7.0,2.75,10.25,3.0],"tintindex":0,"rotation":0,"texture":"#1"},"south":{"uv":[11.25,4.25,11.75,4.5],"tintindex":0,"rotation":0,"texture":"#1"},"north":{"uv":[11.25,4.0,11.75,4.25],"tintindex":0,"rotation":0,"texture":"#1"},"west":{"uv":[7.0,3.0,10.25,3.25],"tintindex":0,"rotation":0,"texture":"#1"},"up":{"uv":[3.0,8.75,2.5,5.5],"tintindex":0,"rotation":0,"texture":"#1"},"down":{"uv":[3.0,5.5,2.5,8.75],"tintindex":0,"rotation":0,"texture":"#1"}}},{"from":[12.005,13.555253,-0.11632072],"to":[15.995,17.545254,5.873679],"faces":{"east":{"uv":[10.0,16.0,11.0,14.5],"tintindex":0,"rotation":90,"texture":"#0"},"south":{"uv":[9.25,12.0,10.0,13.0],"tintindex":0,"rotation":0,"texture":"#0"},"north":{"uv":[11.0,12.0,10.0,13.0],"tintindex":0,"rotation":0,"texture":"#0"},"west":{"uv":[8.0,14.5,9.0,16.0],"tintindex":0,"rotation":90,"texture":"#0"},"up":{"uv":[9.0,16.0,10.0,14.5],"tintindex":0,"rotation":0,"texture":"#0"},"down":{"uv":[12.0,14.5,11.0,16.0],"tintindex":0,"rotation":0,"texture":"#0"}},"rotation":{"origin":[14.0,13.550253,5.8786793],"angle":22.5,"axis":"x"}},{"from":[20.292978,20.0,-10.506649],"to":[22.692978,20.8,5.493353],"faces":{"east":{"uv":[6.0,0.25,11.0,0.5],"tintindex":0,"rotation":0,"texture":"#1"},"south":{"uv":[10.75,10.25,11.5,10.5],"tintindex":0,"rotation":0,"texture":"#1"},"north":{"uv":[7.75,9.0,8.5,9.25],"tintindex":0,"rotation":0,"texture":"#1"},"west":{"uv":[6.0,0.5,11.0,0.75],"tintindex":0,"rotation":0,"texture":"#1"},"up":{"uv":[4.75,5.0,4.0,0.0],"tintindex":0,"rotation":0,"texture":"#1"},"down":{"uv":[4.75,0.0,4.0,5.0],"tintindex":0,"rotation":0,"texture":"#1"}}},{"from":[4.0,7.5,6.0],"to":[12.0,19.5,10.0],"faces":{"east":{"uv":[8.0,5.0,7.0,8.0],"tintindex":0,"rotation":0,"texture":"#0"},"south":{"uv":[10.0,5.0,8.0,8.0],"tintindex":0,"rotation":0,"texture":"#0"},"north":{"uv":[7.0,5.0,5.0,8.0],"tintindex":0,"rotation":0,"texture":"#0"},"west":{"uv":[5.0,5.0,4.0,8.0],"tintindex":0,"rotation":0,"texture":"#0"},"up":{"uv":[5.0,5.0,7.0,4.0],"tintindex":0,"rotation":0,"texture":"#0"},"down":{"uv":[7.0,4.0,9.0,5.0],"tintindex":0,"rotation":0,"texture":"#0"}}},{"from":[15.51476,19.6008,-12.447291],"to":[19.51316,21.1992,-10.848893],"faces":{"east":{"uv":[6.0,11.0,6.5,11.5],"tintindex":0,"rotation":0,"texture":"#1"},"south":{"uv":[10.25,6.0,11.5,6.5],"tintindex":0,"rotation":0,"texture":"#1"},"north":{"uv":[10.25,2.75,11.5,3.25],"tintindex":0,"rotation":0,"texture":"#1"},"west":{"uv":[11.0,7.5,11.5,8.0],"tintindex":0,"rotation":0,"texture":"#1"},"up":{"uv":[11.5,7.0,10.25,6.5],"tintindex":0,"rotation":0,"texture":"#1"},"down":{"uv":[9.0,10.25,7.75,10.75],"tintindex":0,"rotation":0,"texture":"#1"}},"rotation":{"origin":[17.191496,20.0,-2.2598457],"angle":22.5,"axis":"y"}},{"from":[15.325866,19.6008,-12.636188],"to":[19.324265,21.1992,-11.037789],"faces":{"east":{"uv":[4.0,11.0,4.5,11.5],"tintindex":0,"rotation":0,"texture":"#1"},"south":{"uv":[6.5,10.0,7.75,10.5],"tintindex":0,"rotation":0,"texture":"#1"},"north":{"uv":[10.0,5.25,11.25,5.75],"tintindex":0,"rotation":0,"texture":"#1"},"west":{"uv":[4.5,11.0,5.0,11.5],"tintindex":0,"rotation":0,"texture":"#1"},"up":{"uv":[1.25,10.75,0.0,10.25],"tintindex":0,"rotation":0,"texture":"#1"},"down":{"uv":[2.5,10.25,1.25,10.75],"tintindex":0,"rotation":0,"texture":"#1"}},"rotation":{"origin":[17.191496,20.0,-2.2598457],"angle":-22.5,"axis":"y"}},{"from":[25.969439,19.6008,-4.392614],"to":[27.56784,21.1992,-0.39421326],"faces":{"east":{"uv":[9.75,7.5,11.0,8.0],"tintindex":0,"rotation":0,"texture":"#1"},"south":{"uv":[11.0,0.25,11.5,0.75],"tintindex":0,"rotation":0,"texture":"#1"},"north":{"uv":[10.0,10.75,10.5,11.25],"tintindex":0,"rotation":0,"texture":"#1"},"west":{"uv":[7.75,9.75,9.0,10.25],"tintindex":0,"rotation":0,"texture":"#1"},"up":{"uv":[10.25,9.25,9.75,8.0],"tintindex":0,"rotation":0,"texture":"#1"},"down":{"uv":[9.5,9.75,9.0,11.0],"tintindex":0,"rotation":0,"texture":"#1"}},"rotation":{"origin":[17.191496,20.0,-2.2598457],"angle":22.5,"axis":"y"}},{"from":[7.4600806,19.6008,-4.392614],"to":[9.05848,21.1992,-0.39421326],"faces":{"east":{"uv":[6.75,8.0,8.0,8.5],"tintindex":0,"rotation":0,"texture":"#1"},"south":{"uv":[0.5,10.75,1.0,11.25],"tintindex":0,"rotation":0,"texture":"#1"},"north":{"uv":[0.0,10.75,0.5,11.25],"tintindex":0,"rotation":0,"texture":"#1"},"west":{"uv":[8.0,7.25,9.25,7.75],"tintindex":0,"rotation":0,"texture":"#1"},"up":{"uv":[8.5,9.0,8.0,7.75],"tintindex":0,"rotation":0,"texture":"#1"},"down":{"uv":[6.0,8.5,5.5,9.75],"tintindex":0,"rotation":0,"texture":"#1"}},"rotation":{"origin":[17.191496,20.0,-2.2598457],"angle":22.5,"axis":"y"}},{"from":[12.0,13.5,6.0],"to":[16.0,19.5,10.0],"faces":{"east":{"uv":[11.0,13.0,10.0,14.5],"tintindex":0,"rotation":0,"texture":"#0"},"south":{"uv":[12.0,13.0,11.0,14.5],"tintindex":0,"rotation":0,"texture":"#0"},"north":{"uv":[10.0,13.0,9.0,14.5],"tintindex":0,"rotation":0,"texture":"#0"},"west":{"uv":[9.0,13.0,8.0,14.5],"tintindex":0,"rotation":0,"texture":"#0"},"up":{"uv":[9.0,13.0,10.0,12.0],"tintindex":0,"rotation":0,"texture":"#0"},"down":{"uv":[11.0,12.0,10.0,13.0],"tintindex":0,"rotation":0,"texture":"#0"}},"rotation":{"origin":[13.0,18.5,8.0],"angle":45.0,"axis":"x"}},{"from":[15.540528,19.6,-12.314526],"to":[19.540527,21.2,-10.714523],"faces":{"east":{"uv":[2.75,8.75,3.25,9.25],"tintindex":0,"rotation":0,"texture":"#1"},"south":{"uv":[7.0,3.75,8.25,4.25],"tintindex":0,"rotation":0,"texture":"#1"},"north":{"uv":[7.0,3.25,8.25,3.75],"tintindex":0,"rotation":0,"texture":"#1"},"west":{"uv":[5.0,10.0,5.5,10.5],"tintindex":0,"rotation":0,"texture":"#1"},"up":{"uv":[8.75,4.75,7.5,4.25],"tintindex":0,"rotation":0,"texture":"#1"},"down":{"uv":[8.75,4.75,7.5,5.25],"tintindex":0,"rotation":0,"texture":"#1"}},"rotation":{"origin":[17.191496,20.0,-2.2598457],"angle":45.0,"axis":"y"}},{"from":[11.855301,19.604963,-3.7058482],"to":[15.4537,20.403364,-1.307448],"faces":{"east":{"uv":[0.0,11.25,0.75,11.5],"tintindex":0,"rotation":0,"texture":"#1"},"south":{"uv":[10.25,9.5,11.5,9.75],"tintindex":0,"rotation":0,"texture":"#1"},"north":{"uv":[9.5,10.25,10.75,10.5],"tintindex":0,"rotation":0,"texture":"#1"},"west":{"uv":[0.75,11.25,1.5,11.5],"tintindex":0,"rotation":0,"texture":"#1"},"up":{"uv":[8.0,6.75,6.75,6.0],"tintindex":0,"rotation":0,"texture":"#1"},"down":{"uv":[8.0,6.75,6.75,7.5],"tintindex":0,"rotation":0,"texture":"#1"}},"rotation":{"origin":[12.4545,20.004164,-2.506647],"angle":-45.0,"axis":"z"}},{"from":[25.780544,19.6008,-4.581508],"to":[27.378944,21.1992,-0.58310944],"faces":{"east":{"uv":[8.25,3.25,9.5,3.75],"tintindex":0,"rotation":0,"texture":"#1"},"south":{"uv":[1.5,10.75,2.0,11.25],"tintindex":0,"rotation":0,"texture":"#1"},"north":{"uv":[1.0,10.75,1.5,11.25],"tintindex":0,"rotation":0,"texture":"#1"},"west":{"uv":[8.25,3.75,9.5,4.25],"tintindex":0,"rotation":0,"texture":"#1"},"up":{"uv":[6.5,9.75,6.0,8.5],"tintindex":0,"rotation":0,"texture":"#1"},"down":{"uv":[9.0,6.0,8.5,7.25],"tintindex":0,"rotation":0,"texture":"#1"}},"rotation":{"origin":[17.191496,20.0,-2.2598457],"angle":-22.5,"axis":"y"}},{"from":[15.438299,19.6,-12.561329],"to":[19.4383,21.2,-10.961327],"faces":{"east":{"uv":[11.0,0.75,11.5,1.25],"tintindex":0,"rotation":0,"texture":"#1"},"south":{"uv":[3.75,10.0,5.0,10.5],"tintindex":0,"rotation":0,"texture":"#1"},"north":{"uv":[9.5,9.75,10.75,10.25],"tintindex":0,"rotation":0,"texture":"#1"},"west":{"uv":[3.5,11.0,4.0,11.5],"tintindex":0,"rotation":0,"texture":"#1"},"up":{"uv":[11.25,4.75,10.0,4.25],"tintindex":0,"rotation":0,"texture":"#1"},"down":{"uv":[11.25,4.75,10.0,5.25],"tintindex":0,"rotation":0,"texture":"#1"}}}],"display":{"gui":{"rotation":[30,225,0]}}}