{"textures":{"2":"modelengine:entity/obelix"},"elements":[{"from":[4.0,7.5,6.0],"to":[12.0,19.5,10.0],"faces":{"east":{"uv":[4.0,5.0,5.0,8.0],"tintindex":0,"rotation":0,"texture":"#2"},"south":{"uv":[8.0,5.0,10.0,8.0],"tintindex":0,"rotation":0,"texture":"#2"},"north":{"uv":[5.0,5.0,7.0,8.0],"tintindex":0,"rotation":0,"texture":"#2"},"west":{"uv":[7.0,5.0,8.0,8.0],"tintindex":0,"rotation":0,"texture":"#2"},"up":{"uv":[7.0,5.0,5.0,4.0],"tintindex":0,"rotation":0,"texture":"#2"},"down":{"uv":[9.0,4.0,7.0,5.0],"tintindex":0,"rotation":0,"texture":"#2"}}},{"from":[0.0,13.5,6.0],"to":[4.0,19.5,10.0],"faces":{"east":{"uv":[8.0,13.0,9.0,14.5],"tintindex":0,"rotation":0,"texture":"#2"},"south":{"uv":[11.0,13.0,12.0,14.5],"tintindex":0,"rotation":0,"texture":"#2"},"north":{"uv":[9.0,13.0,10.0,14.5],"tintindex":0,"rotation":0,"texture":"#2"},"west":{"uv":[10.0,13.0,11.0,14.5],"tintindex":0,"rotation":0,"texture":"#2"},"up":{"uv":[10.0,13.0,9.0,12.0],"tintindex":0,"rotation":0,"texture":"#2"},"down":{"uv":[10.0,12.0,11.0,13.0],"tintindex":0,"rotation":0,"texture":"#2"}},"rotation":{"origin":[3.0,18.5,8.0],"angle":45.0,"axis":"x"}},{"from":[0.005,13.555253,-0.11632072],"to":[3.995,17.545254,5.8736796],"faces":{"east":{"uv":[8.0,16.0,9.0,14.5],"tintindex":0,"rotation":90,"texture":"#2"},"south":{"uv":[10.0,12.0,9.25,13.0],"tintindex":0,"rotation":0,"texture":"#2"},"north":{"uv":[10.0,12.0,11.0,13.0],"tintindex":0,"rotation":0,"texture":"#2"},"west":{"uv":[10.0,14.5,11.0,16.0],"tintindex":0,"rotation":90,"texture":"#2"},"up":{"uv":[10.0,16.0,9.0,14.5],"tintindex":0,"rotation":0,"texture":"#2"},"down":{"uv":[11.0,14.5,12.0,16.0],"tintindex":0,"rotation":0,"texture":"#2"}},"rotation":{"origin":[2.0,13.550253,5.8786798],"angle":22.5,"axis":"x"}}],"display":{"gui":{"rotation":[30,225,0]}}}