{"textures":{"0":"modelengine:entity/asterix"},"elements":[{"from":[3.75,7.75,3.75],"to":[12.25,16.25,12.25],"faces":{"east":{"uv":[14.0,2.0,12.0,4.0],"tintindex":0,"rotation":0,"texture":"#0"},"south":{"uv":[16.0,2.0,14.0,4.0],"tintindex":0,"rotation":0,"texture":"#0"},"north":{"uv":[12.0,2.0,10.0,4.0],"tintindex":0,"rotation":0,"texture":"#0"},"west":{"uv":[10.0,2.0,8.0,4.0],"tintindex":0,"rotation":0,"texture":"#0"},"up":{"uv":[10.0,2.0,12.0,0.0],"tintindex":0,"rotation":0,"texture":"#0"},"down":{"uv":[12.0,0.0,14.0,2.0],"tintindex":0,"rotation":0,"texture":"#0"}}},{"from":[4.0,8.0,4.0],"to":[12.0,16.0,12.0],"faces":{"east":{"uv":[6.0,2.0,4.0,4.0],"tintindex":0,"rotation":0,"texture":"#0"},"south":{"uv":[8.0,2.0,6.0,4.0],"tintindex":0,"rotation":0,"texture":"#0"},"north":{"uv":[4.0,2.0,2.0,4.0],"tintindex":0,"rotation":0,"texture":"#0"},"west":{"uv":[2.0,2.0,0.0,4.0],"tintindex":0,"rotation":0,"texture":"#0"},"up":{"uv":[2.0,2.0,4.0,0.0],"tintindex":0,"rotation":0,"texture":"#0"},"down":{"uv":[4.0,0.0,6.0,2.0],"tintindex":0,"rotation":0,"texture":"#0"}}}],"display":{"gui":{"rotation":[30,225,0]}}}