{"textures":{"2":"modelengine:entity/obelix"},"elements":[{"from":[3.75,7.75,3.75],"to":[12.25,16.25,12.25],"faces":{"east":{"uv":[8.0,2.0,10.0,4.0],"tintindex":0,"rotation":0,"texture":"#2"},"south":{"uv":[14.0,2.0,16.0,4.0],"tintindex":0,"rotation":0,"texture":"#2"},"north":{"uv":[10.0,2.0,12.0,4.0],"tintindex":0,"rotation":0,"texture":"#2"},"west":{"uv":[12.0,2.0,14.0,4.0],"tintindex":0,"rotation":0,"texture":"#2"},"up":{"uv":[12.0,2.0,10.0,0.0],"tintindex":0,"rotation":0,"texture":"#2"},"down":{"uv":[14.0,0.0,12.0,2.0],"tintindex":0,"rotation":0,"texture":"#2"}}},{"from":[4.0,8.0,4.0],"to":[12.0,16.0,12.0],"faces":{"east":{"uv":[0.0,2.0,2.0,4.0],"tintindex":0,"rotation":0,"texture":"#2"},"south":{"uv":[6.0,2.0,8.0,4.0],"tintindex":0,"rotation":0,"texture":"#2"},"north":{"uv":[2.0,2.0,4.0,4.0],"tintindex":0,"rotation":0,"texture":"#2"},"west":{"uv":[4.0,2.0,6.0,4.0],"tintindex":0,"rotation":0,"texture":"#2"},"up":{"uv":[4.0,2.0,2.0,0.0],"tintindex":0,"rotation":0,"texture":"#2"},"down":{"uv":[6.0,0.0,4.0,2.0],"tintindex":0,"rotation":0,"texture":"#2"}}}],"display":{"gui":{"rotation":[30,225,0]}}}