{"textures":{"0":"modelengine:entity/asterix"},"elements":[{"from":[6.0,2.0,6.0],"to":[10.0,8.0,10.0],"faces":{"east":{"uv":[7.0,13.0,6.0,14.5],"tintindex":0,"rotation":0,"texture":"#0"},"south":{"uv":[7.0,13.0,8.0,14.5],"tintindex":0,"rotation":0,"texture":"#0"},"north":{"uv":[5.0,13.0,6.0,14.5],"tintindex":0,"rotation":0,"texture":"#0"},"west":{"uv":[5.0,13.0,4.0,14.5],"tintindex":0,"rotation":0,"texture":"#0"},"up":{"uv":[6.0,13.0,5.0,12.0],"tintindex":0,"rotation":0,"texture":"#0"},"down":{"uv":[7.0,12.0,6.0,13.0],"tintindex":0,"rotation":0,"texture":"#0"}}},{"from":[6.005,-3.995,6.005],"to":[9.995,1.995,9.995],"faces":{"east":{"uv":[7.0,14.5,6.0,16.0],"tintindex":0,"rotation":0,"texture":"#0"},"south":{"uv":[8.0,14.5,7.0,16.0],"tintindex":0,"rotation":0,"texture":"#0"},"north":{"uv":[6.0,14.5,5.0,16.0],"tintindex":0,"rotation":0,"texture":"#0"},"west":{"uv":[5.0,14.5,4.0,16.0],"tintindex":0,"rotation":0,"texture":"#0"},"up":{"uv":[6.0,14.5,5.0,13.5],"tintindex":0,"rotation":0,"texture":"#0"},"down":{"uv":[6.0,12.0,7.0,13.0],"tintindex":0,"rotation":0,"texture":"#0"}}}],"display":{"gui":{"rotation":[30,225,0]}}}