{"textures":{"0":"modelengine:entity/asterix"},"elements":[{"from":[4.005,-2.995,6.005],"to":[7.995,2.995,9.995],"faces":{"east":{"uv":[13.0,6.5,12.0,8.0],"tintindex":0,"rotation":0,"texture":"#0"},"south":{"uv":[14.0,6.5,13.0,8.0],"tintindex":0,"rotation":0,"texture":"#0"},"north":{"uv":[12.0,6.5,11.0,8.0],"tintindex":0,"rotation":0,"texture":"#0"},"west":{"uv":[11.0,6.5,10.0,8.0],"tintindex":0,"rotation":0,"texture":"#0"},"up":{"uv":[11.0,5.0,12.0,4.0],"tintindex":0,"rotation":0,"texture":"#0"},"down":{"uv":[12.0,4.0,13.0,5.0],"tintindex":0,"rotation":0,"texture":"#0"}},"rotation":{"origin":[6.0,3.0,10.0],"angle":22.5,"axis":"x"}},{"from":[4.0,3.0,6.0],"to":[8.0,9.0,10.0],"faces":{"east":{"uv":[13.0,5.0,12.0,6.5],"tintindex":0,"rotation":0,"texture":"#0"},"south":{"uv":[14.0,5.0,13.0,6.5],"tintindex":0,"rotation":0,"texture":"#0"},"north":{"uv":[12.0,5.0,11.0,6.5],"tintindex":0,"rotation":0,"texture":"#0"},"west":{"uv":[11.0,5.0,10.0,6.5],"tintindex":0,"rotation":0,"texture":"#0"},"up":{"uv":[11.0,5.0,12.0,4.0],"tintindex":0,"rotation":0,"texture":"#0"},"down":{"uv":[12.0,4.0,13.0,5.0],"tintindex":0,"rotation":0,"texture":"#0"}}}],"display":{"gui":{"rotation":[30,225,0]}}}