{"textures":{"0":"modelengine:entity/asterix"},"elements":[{"from":[6.005,-3.995,6.005],"to":[9.995,1.995,9.995],"faces":{"east":{"uv":[3.0,6.5,2.0,8.0],"tintindex":0,"rotation":0,"texture":"#0"},"south":{"uv":[4.0,6.5,3.0,8.0],"tintindex":0,"rotation":0,"texture":"#0"},"north":{"uv":[2.0,6.5,1.0,8.0],"tintindex":0,"rotation":0,"texture":"#0"},"west":{"uv":[1.0,6.5,0.0,8.0],"tintindex":0,"rotation":0,"texture":"#0"},"up":{"uv":[1.0,5.0,2.0,4.0],"tintindex":0,"rotation":0,"texture":"#0"},"down":{"uv":[2.0,4.0,3.0,5.0],"tintindex":0,"rotation":0,"texture":"#0"}}},{"from":[6.0,2.0,6.0],"to":[10.0,8.0,10.0],"faces":{"east":{"uv":[3.0,5.0,2.0,6.5],"tintindex":0,"rotation":0,"texture":"#0"},"south":{"uv":[4.0,5.0,3.0,6.5],"tintindex":0,"rotation":0,"texture":"#0"},"north":{"uv":[2.0,5.0,1.0,6.5],"tintindex":0,"rotation":0,"texture":"#0"},"west":{"uv":[1.0,5.0,0.0,6.5],"tintindex":0,"rotation":0,"texture":"#0"},"up":{"uv":[1.0,5.0,2.0,4.0],"tintindex":0,"rotation":0,"texture":"#0"},"down":{"uv":[2.0,4.0,3.0,5.0],"tintindex":0,"rotation":0,"texture":"#0"}}}],"display":{"gui":{"rotation":[30,225,0]}}}