{"textures":{"2":"modelengine:entity/obelix"},"elements":[{"from":[8.005,-2.995,6.005],"to":[11.995,2.995,9.995],"faces":{"east":{"uv":[10.0,6.5,11.0,8.0],"tintindex":0,"rotation":0,"texture":"#2"},"south":{"uv":[13.0,6.5,14.0,8.0],"tintindex":0,"rotation":0,"texture":"#2"},"north":{"uv":[11.0,6.5,12.0,8.0],"tintindex":0,"rotation":0,"texture":"#2"},"west":{"uv":[12.0,6.5,13.0,8.0],"tintindex":0,"rotation":0,"texture":"#2"},"up":{"uv":[12.0,5.0,11.0,4.0],"tintindex":0,"rotation":0,"texture":"#2"},"down":{"uv":[13.0,4.0,12.0,5.0],"tintindex":0,"rotation":0,"texture":"#2"}},"rotation":{"origin":[10.0,3.0,10.0],"angle":22.5,"axis":"x"}},{"from":[8.0,3.0,6.0],"to":[12.0,9.0,10.0],"faces":{"east":{"uv":[10.0,5.0,11.0,6.5],"tintindex":0,"rotation":0,"texture":"#2"},"south":{"uv":[13.0,5.0,14.0,6.5],"tintindex":0,"rotation":0,"texture":"#2"},"north":{"uv":[11.0,5.0,12.0,6.5],"tintindex":0,"rotation":0,"texture":"#2"},"west":{"uv":[12.0,5.0,13.0,6.5],"tintindex":0,"rotation":0,"texture":"#2"},"up":{"uv":[12.0,5.0,11.0,4.0],"tintindex":0,"rotation":0,"texture":"#2"},"down":{"uv":[13.0,4.0,12.0,5.0],"tintindex":0,"rotation":0,"texture":"#2"}}}],"display":{"gui":{"rotation":[30,225,0]}}}