{"overrides":[{"predicate":{"custom_model_data":1},"model":"modelengine:arcticfox/head"},{"predicate":{"custom_model_data":2},"model":"modelengine:arcticfox/leg1"},{"predicate":{"custom_model_data":3},"model":"modelengine:arcticfox/leg4"},{"predicate":{"custom_model_data":4},"model":"modelengine:arcticfox/leg2"},{"predicate":{"custom_model_data":5},"model":"modelengine:arcticfox/tail"},{"predicate":{"custom_model_data":6},"model":"modelengine:arcticfox/leg3"},{"predicate":{"custom_model_data":7},"model":"modelengine:arcticfox/body"},{"predicate":{"custom_model_data":8},"model":"modelengine:kindletronjr/torso"},{"predicate":{"custom_model_data":9},"model":"modelengine:kindletronjr/head"},{"predicate":{"custom_model_data":10},"model":"modelengine:kindletronjr/rightleg"},{"predicate":{"custom_model_data":11},"model":"modelengine:kindletronjr/rightarm"},{"predicate":{"custom_model_data":12},"model":"modelengine:kindletronjr/leftleg"},{"predicate":{"custom_model_data":13},"model":"modelengine:kindletronjr/leftarm"},{"predicate":{"custom_model_data":14},"model":"modelengine:nocsy_otter_v2/body"},{"predicate":{"custom_model_data":15},"model":"modelengine:nocsy_otter_v2/head"},{"predicate":{"custom_model_data":16},"model":"modelengine:nocsy_otter_v2/back_leg_right"},{"predicate":{"custom_model_data":17},"model":"modelengine:nocsy_otter_v2/back_leg_left"},{"predicate":{"custom_model_data":18},"model":"modelengine:nocsy_otter_v2/tail"},{"predicate":{"custom_model_data":19},"model":"modelengine:nocsy_otter_v2/front_leg_right"},{"predicate":{"custom_model_data":20},"model":"modelengine:nocsy_otter_v2/front_leg_left"},{"predicate":{"custom_model_data":21},"model":"modelengine:vs_chieftain/body"},{"predicate":{"custom_model_data":22},"model":"modelengine:vs_chieftain/head"},{"predicate":{"custom_model_data":23},"model":"modelengine:vs_chieftain/right_arm"},{"predicate":{"custom_model_data":24},"model":"modelengine:vs_chieftain/left_leg"},{"predicate":{"custom_model_data":25},"model":"modelengine:vs_chieftain/right_leg"},{"predicate":{"custom_model_data":26},"model":"modelengine:vs_chieftain/body2"},{"predicate":{"custom_model_data":27},"model":"modelengine:vs_chieftain/right_leg2"},{"predicate":{"custom_model_data":28},"model":"modelengine:vs_chieftain/left_arm"},{"predicate":{"custom_model_data":29},"model":"modelengine:vs_chieftain/head2"},{"predicate":{"custom_model_data":30},"model":"modelengine:vs_chieftain/left_leg2"}],"parent":"minecraft:item/generated","textures":{"layer0":"minecraft:item/leather_horse_armor"}}