{"textures":{"0":"modelengine:entity/snow_fox"},"elements":[{"from":[5.0,-7.0,4.5],"to":[11.0,4.0,10.5],"faces":{"east":{"uv":[8.0,10.5,10.0,16.0],"tintindex":0,"rotation":0,"texture":"#0"},"south":{"uv":[14.0,10.5,16.0,16.0],"tintindex":0,"rotation":0,"texture":"#0"},"north":{"uv":[10.0,10.5,12.0,16.0],"tintindex":0,"rotation":0,"texture":"#0"},"west":{"uv":[12.0,10.5,14.0,16.0],"tintindex":0,"rotation":0,"texture":"#0"},"up":{"uv":[12.0,10.5,10.0,7.5],"tintindex":0,"rotation":0,"texture":"#0"},"down":{"uv":[14.0,7.5,12.0,10.5],"tintindex":0,"rotation":0,"texture":"#0"}}}],"display":{"gui":{"rotation":[30,225,0]}}}