{"textures":{"0":"modelengine:entity/snow_fox"},"elements":[{"from":[5.0,4.0,0.0],"to":[9.0,6.0,3.0],"faces":{"east":{"uv":[2.0,10.5,3.0,11.5],"tintindex":0,"rotation":0,"texture":"#0"},"south":{"uv":[5.3333335,10.5,6.666667,11.5],"tintindex":0,"rotation":0,"texture":"#0"},"north":{"uv":[3.0,10.5,4.3333335,11.5],"tintindex":0,"rotation":0,"texture":"#0"},"west":{"uv":[4.3333335,10.5,5.3333335,11.5],"tintindex":0,"rotation":0,"texture":"#0"},"up":{"uv":[4.3333335,10.5,3.0,9.0],"tintindex":0,"rotation":0,"texture":"#0"},"down":{"uv":[5.666667,9.0,4.3333335,10.5],"tintindex":0,"rotation":0,"texture":"#0"}}},{"from":[3.0,4.0,3.0],"to":[11.0,10.0,9.0],"faces":{"east":{"uv":[0.33333334,5.5,2.3333335,8.5],"tintindex":0,"rotation":0,"texture":"#0"},"south":{"uv":[7.0,5.5,9.666667,8.5],"tintindex":0,"rotation":0,"texture":"#0"},"north":{"uv":[2.3333335,5.5,5.0,8.5],"tintindex":0,"rotation":0,"texture":"#0"},"west":{"uv":[5.0,5.5,7.0,8.5],"tintindex":0,"rotation":0,"texture":"#0"},"up":{"uv":[5.0,5.5,2.3333335,2.5],"tintindex":0,"rotation":0,"texture":"#0"},"down":{"uv":[7.666667,2.5,5.0,5.5],"tintindex":0,"rotation":0,"texture":"#0"}}},{"from":[9.0,10.0,4.0],"to":[11.0,12.0,5.0],"faces":{"east":{"uv":[2.6666667,1.0,3.0,2.0],"tintindex":0,"rotation":0,"texture":"#0"},"south":{"uv":[4.0,1.0,4.666667,2.0],"tintindex":0,"rotation":0,"texture":"#0"},"north":{"uv":[3.0,1.0,3.6666667,2.0],"tintindex":0,"rotation":0,"texture":"#0"},"west":{"uv":[3.6666667,1.0,4.0,2.0],"tintindex":0,"rotation":0,"texture":"#0"},"up":{"uv":[3.6666667,1.0,3.0,0.5],"tintindex":0,"rotation":0,"texture":"#0"},"down":{"uv":[4.3333335,0.5,3.6666667,1.0],"tintindex":0,"rotation":0,"texture":"#0"}}},{"from":[3.0,10.0,4.0],"to":[5.0,12.0,5.0],"faces":{"east":{"uv":[5.0,1.0,5.3333335,2.0],"tintindex":0,"rotation":0,"texture":"#0"},"south":{"uv":[6.3333335,1.0,7.0,2.0],"tintindex":0,"rotation":0,"texture":"#0"},"north":{"uv":[5.3333335,1.0,6.0,2.0],"tintindex":0,"rotation":0,"texture":"#0"},"west":{"uv":[6.0,1.0,6.3333335,2.0],"tintindex":0,"rotation":0,"texture":"#0"},"up":{"uv":[6.0,1.0,5.3333335,0.5],"tintindex":0,"rotation":0,"texture":"#0"},"down":{"uv":[6.666667,0.5,6.0,1.0],"tintindex":0,"rotation":0,"texture":"#0"}}}],"display":{"gui":{"rotation":[30,225,0]}}}