{"textures":{"0":"modelengine:entity/snow_fox"},"elements":[{"from":[4.001,1.5,7.0],"to":[6.001,7.5,9.0],"faces":{"east":{"uv":[4.3333335,13.0,5.0,16.0],"tintindex":0,"rotation":0,"texture":"#0"},"south":{"uv":[6.3333335,13.0,7.0,16.0],"tintindex":0,"rotation":0,"texture":"#0"},"north":{"uv":[5.0,13.0,5.666667,16.0],"tintindex":0,"rotation":0,"texture":"#0"},"west":{"uv":[5.666667,13.0,6.3333335,16.0],"tintindex":0,"rotation":0,"texture":"#0"},"up":{"uv":[5.666667,13.0,5.0,12.0],"tintindex":0,"rotation":0,"texture":"#0"},"down":{"uv":[6.3333335,12.0,5.666667,13.0],"tintindex":0,"rotation":0,"texture":"#0"}}}],"display":{"gui":{"rotation":[30,225,0]}}}