{"textures":{"0":"modelengine:entity/snow_fox"},"elements":[{"from":[3.999,1.5,7.0],"to":[5.999,7.5,9.0],"faces":{"east":{"uv":[1.3333334,13.0,2.0,16.0],"tintindex":0,"rotation":0,"texture":"#0"},"south":{"uv":[3.3333335,13.0,4.0,16.0],"tintindex":0,"rotation":0,"texture":"#0"},"north":{"uv":[2.0,13.0,2.6666667,16.0],"tintindex":0,"rotation":0,"texture":"#0"},"west":{"uv":[2.6666667,13.0,3.3333335,16.0],"tintindex":0,"rotation":0,"texture":"#0"},"up":{"uv":[2.6666667,13.0,2.0,12.0],"tintindex":0,"rotation":0,"texture":"#0"},"down":{"uv":[3.3333335,12.0,2.6666667,13.0],"tintindex":0,"rotation":0,"texture":"#0"}}}],"display":{"gui":{"rotation":[30,225,0]}}}