{"textures":{"0":"modelengine:entity/snow_fox"},"elements":[{"from":[2.0,-1.0,7.0],"to":[6.0,8.0,12.0],"faces":{"east":{"uv":[10.0,2.5,11.666667,7.0],"tintindex":0,"rotation":0,"texture":"#0"},"south":{"uv":[14.666667,2.5,16.0,7.0],"tintindex":0,"rotation":0,"texture":"#0"},"north":{"uv":[11.666667,2.5,13.0,7.0],"tintindex":0,"rotation":0,"texture":"#0"},"west":{"uv":[13.0,2.5,14.666667,7.0],"tintindex":0,"rotation":0,"texture":"#0"},"up":{"uv":[13.0,2.5,11.666667,0.0],"tintindex":0,"rotation":0,"texture":"#0"},"down":{"uv":[14.333334,0.0,13.0,2.5],"tintindex":0,"rotation":0,"texture":"#0"}}}],"display":{"gui":{"rotation":[30,225,0]}}}